{
  "福島": {
    "q1": 0.6666666666666666,
    "q3": 0.8571428571428571,
    "median": 0.7777777777777778,
    "sampleSize": 35,
    "reliable": true,
    "source": "own"
  },
  "小倉": {
    "q1": 0.6666666666666666,
    "q3": 0.8888888888888888,
    "median": 0.7777777777777778,
    "sampleSize": 31,
    "reliable": true,
    "source": "own"
  },
  "函館": {
    "q1": 0.6666666666666666,
    "q3": 1,
    "median": 0.8571428571428571,
    "sampleSize": 59,
    "reliable": true,
    "source": "own"
  },
  "盛岡": {
    "q1": 0.5714285714285714,
    "q3": 0.875,
    "median": 0.7142857142857143,
    "sampleSize": 157,
    "reliable": true,
    "source": "own"
  },
  "金沢": {
    "q1": 0.7142857142857143,
    "q3": 1,
    "median": 0.8660714285714286,
    "sampleSize": 180,
    "reliable": true,
    "source": "own"
  },
  "高知": {
    "q1": 0.7142857142857143,
    "q3": 1,
    "median": 0.875,
    "sampleSize": 187,
    "reliable": true,
    "source": "own"
  },
  "佐賀": {
    "q1": 0.8571428571428571,
    "q3": 1,
    "median": 1,
    "sampleSize": 174,
    "reliable": true,
    "source": "own"
  },
  "浦和": {
    "q1": 0.8571428571428571,
    "q3": 1,
    "median": 1,
    "sampleSize": 172,
    "reliable": true,
    "source": "own"
  },
  "名古屋": {
    "q1": 0.7142857142857143,
    "q3": 1,
    "median": 0.8571428571428571,
    "sampleSize": 252,
    "reliable": true,
    "source": "own"
  },
  "園田": {
    "q1": 0.75,
    "q3": 1,
    "median": 0.8888888888888888,
    "sampleSize": 300,
    "reliable": true,
    "source": "own"
  },
  "門別": {
    "q1": 0.6,
    "q3": 1,
    "median": 0.75,
    "sampleSize": 257,
    "reliable": true,
    "source": "own"
  },
  "川崎": {
    "q1": 0.6,
    "q3": 1,
    "median": 0.8571428571428571,
    "sampleSize": 102,
    "reliable": true,
    "source": "own"
  },
  "笠松": {
    "q1": 0.75,
    "q3": 1,
    "median": 0.8888888888888888,
    "sampleSize": 131,
    "reliable": true,
    "source": "own"
  },
  "船橋": {
    "q1": 0.42857142857142855,
    "q3": 0.8571428571428571,
    "median": 0.6904761904761905,
    "sampleSize": 102,
    "reliable": true,
    "source": "own"
  },
  "大井": {
    "q1": 0.5714285714285714,
    "q3": 0.8854166666666666,
    "median": 0.7321428571428572,
    "sampleSize": 158,
    "reliable": true,
    "source": "own"
  },
  "水沢": {
    "q1": 0.8,
    "q3": 1,
    "median": 0.875,
    "sampleSize": 135,
    "reliable": true,
    "source": "own"
  },
  "_nar_pool": {
    "q1": 0.7142857142857143,
    "q3": 1,
    "median": 0.8571428571428571,
    "sampleSize": 2307,
    "reliable": true,
    "source": "pool"
  },
  "_jra_dirt_pool": {
    "q1": 0.6666666666666666,
    "q3": 0.8888888888888888,
    "median": 0.7777777777777778,
    "sampleSize": 125,
    "reliable": true,
    "source": "pool"
  },
  "_meta": {
    "periodStart": "2026-05-19",
    "periodEnd": "2026-07-19",
    "months": 2,
    "generatedAt": "2026-07-19T10:53:01.269Z"
  }
}