{
  "大井": {
    "q1": 0.5714285714285714,
    "q3": 0.8888888888888888,
    "median": 0.75,
    "sampleSize": 151,
    "reliable": true,
    "source": "own"
  },
  "笠松": {
    "q1": 0.75,
    "q3": 1,
    "median": 0.8888888888888888,
    "sampleSize": 169,
    "reliable": true,
    "source": "own"
  },
  "園田": {
    "q1": 0.75,
    "q3": 1,
    "median": 0.8888888888888888,
    "sampleSize": 298,
    "reliable": true,
    "source": "own"
  },
  "門別": {
    "q1": 0.6,
    "q3": 0.8888888888888888,
    "median": 0.75,
    "sampleSize": 265,
    "reliable": true,
    "source": "own"
  },
  "盛岡": {
    "q1": 0.5714285714285714,
    "q3": 0.8571428571428571,
    "median": 0.7142857142857143,
    "sampleSize": 158,
    "reliable": true,
    "source": "own"
  },
  "金沢": {
    "q1": 0.7142857142857143,
    "q3": 1,
    "median": 0.8571428571428571,
    "sampleSize": 174,
    "reliable": true,
    "source": "own"
  },
  "佐賀": {
    "q1": 0.8,
    "q3": 1,
    "median": 1,
    "sampleSize": 176,
    "reliable": true,
    "source": "own"
  },
  "福島": {
    "q1": 0.6666666666666666,
    "q3": 0.8571428571428571,
    "median": 0.7777777777777778,
    "sampleSize": 34,
    "reliable": true,
    "source": "own"
  },
  "小倉": {
    "q1": 0.6666666666666666,
    "q3": 0.8888888888888888,
    "median": 0.7777777777777778,
    "sampleSize": 31,
    "reliable": true,
    "source": "own"
  },
  "函館": {
    "q1": 0.6666666666666666,
    "q3": 1,
    "median": 0.8571428571428571,
    "sampleSize": 59,
    "reliable": true,
    "source": "own"
  },
  "高知": {
    "q1": 0.75,
    "q3": 1,
    "median": 1,
    "sampleSize": 178,
    "reliable": true,
    "source": "own"
  },
  "浦和": {
    "q1": 0.8571428571428571,
    "q3": 1,
    "median": 1,
    "sampleSize": 171,
    "reliable": true,
    "source": "own"
  },
  "名古屋": {
    "q1": 0.7142857142857143,
    "q3": 1,
    "median": 0.8571428571428571,
    "sampleSize": 204,
    "reliable": true,
    "source": "own"
  },
  "川崎": {
    "q1": 0.6,
    "q3": 1,
    "median": 0.8571428571428571,
    "sampleSize": 102,
    "reliable": true,
    "source": "own"
  },
  "船橋": {
    "q1": 0.42857142857142855,
    "q3": 0.8571428571428571,
    "median": 0.6904761904761905,
    "sampleSize": 102,
    "reliable": true,
    "source": "own"
  },
  "水沢": {
    "q1": 0.8,
    "q3": 1,
    "median": 0.875,
    "sampleSize": 135,
    "reliable": true,
    "source": "own"
  },
  "_nar_pool": {
    "q1": 0.7142857142857143,
    "q3": 1,
    "median": 0.8571428571428571,
    "sampleSize": 2283,
    "reliable": true,
    "source": "pool"
  },
  "_jra_dirt_pool": {
    "q1": 0.6666666666666666,
    "q3": 0.8888888888888888,
    "median": 0.7777777777777778,
    "sampleSize": 124,
    "reliable": true,
    "source": "pool"
  },
  "_meta": {
    "periodStart": "2026-05-24",
    "periodEnd": "2026-07-24",
    "months": 2,
    "generatedAt": "2026-07-24T14:54:25.851Z"
  }
}