{
  "門別": {
    "q1": 0.625,
    "q3": 1,
    "median": 0.8,
    "sampleSize": 235,
    "reliable": true,
    "source": "own"
  },
  "船橋": {
    "q1": 0.5555555555555556,
    "q3": 0.875,
    "median": 0.7142857142857143,
    "sampleSize": 139,
    "reliable": true,
    "source": "own"
  },
  "大井": {
    "q1": 0.5714285714285714,
    "q3": 0.8819444444444444,
    "median": 0.7142857142857143,
    "sampleSize": 159,
    "reliable": true,
    "source": "own"
  },
  "名古屋": {
    "q1": 0.7142857142857143,
    "q3": 1,
    "median": 0.8571428571428571,
    "sampleSize": 254,
    "reliable": true,
    "source": "own"
  },
  "園田": {
    "q1": 0.75,
    "q3": 1,
    "median": 0.8888888888888888,
    "sampleSize": 297,
    "reliable": true,
    "source": "own"
  },
  "盛岡": {
    "q1": 0.625,
    "q3": 1,
    "median": 0.8,
    "sampleSize": 165,
    "reliable": true,
    "source": "own"
  },
  "金沢": {
    "q1": 0.7142857142857143,
    "q3": 1,
    "median": 0.8571428571428571,
    "sampleSize": 180,
    "reliable": true,
    "source": "own"
  },
  "福島": {
    "q1": 0.7142857142857143,
    "q3": 1,
    "median": 0.8571428571428571,
    "sampleSize": 46,
    "reliable": true,
    "source": "jra_dirt_pool",
    "ownSampleSize": 9
  },
  "小倉": {
    "q1": 0.7142857142857143,
    "q3": 1,
    "median": 0.8571428571428571,
    "sampleSize": 46,
    "reliable": true,
    "source": "jra_dirt_pool",
    "ownSampleSize": 8
  },
  "函館": {
    "q1": 0.7142857142857143,
    "q3": 1,
    "median": 0.8571428571428571,
    "sampleSize": 46,
    "reliable": true,
    "source": "jra_dirt_pool",
    "ownSampleSize": 29
  },
  "高知": {
    "q1": 0.7142857142857143,
    "q3": 1,
    "median": 0.8571428571428571,
    "sampleSize": 175,
    "reliable": true,
    "source": "own"
  },
  "佐賀": {
    "q1": 0.8,
    "q3": 1,
    "median": 1,
    "sampleSize": 193,
    "reliable": true,
    "source": "own"
  },
  "浦和": {
    "q1": 0.8571428571428571,
    "q3": 1,
    "median": 1,
    "sampleSize": 114,
    "reliable": true,
    "source": "own"
  },
  "笠松": {
    "q1": 0.7142857142857143,
    "q3": 1,
    "median": 0.875,
    "sampleSize": 139,
    "reliable": true,
    "source": "own"
  },
  "水沢": {
    "q1": 0.8,
    "q3": 1,
    "median": 0.875,
    "sampleSize": 135,
    "reliable": true,
    "source": "own"
  },
  "川崎": {
    "q1": 0.6666666666666666,
    "q3": 1,
    "median": 0.8,
    "sampleSize": 106,
    "reliable": true,
    "source": "own"
  },
  "_nar_pool": {
    "q1": 0.7142857142857143,
    "q3": 1,
    "median": 0.8571428571428571,
    "sampleSize": 2291,
    "reliable": true,
    "source": "pool"
  },
  "_jra_dirt_pool": {
    "q1": 0.7142857142857143,
    "q3": 1,
    "median": 0.8571428571428571,
    "sampleSize": 46,
    "reliable": true,
    "source": "pool"
  },
  "_meta": {
    "periodStart": "2026-05-03",
    "periodEnd": "2026-07-03",
    "months": 2,
    "generatedAt": "2026-07-02T20:41:49.727Z"
  }
}