{
  "門別": {
    "q1": 0.4444444444444444,
    "q3": 0.7777777777777778,
    "median": 0.5555555555555556,
    "sampleSize": 235,
    "reliable": true,
    "source": "own"
  },
  "船橋": {
    "q1": 0.3333333333333333,
    "q3": 0.6944444444444444,
    "median": 0.5555555555555556,
    "sampleSize": 140,
    "reliable": true,
    "source": "own"
  },
  "大井": {
    "q1": 0.4444444444444444,
    "q3": 0.7777777777777778,
    "median": 0.5555555555555556,
    "sampleSize": 159,
    "reliable": true,
    "source": "own"
  },
  "名古屋": {
    "q1": 0.5555555555555556,
    "q3": 0.7777777777777778,
    "median": 0.6666666666666666,
    "sampleSize": 254,
    "reliable": true,
    "source": "own"
  },
  "園田": {
    "q1": 0.5555555555555556,
    "q3": 0.7777777777777778,
    "median": 0.6666666666666666,
    "sampleSize": 298,
    "reliable": true,
    "source": "own"
  },
  "盛岡": {
    "q1": 0.4444444444444444,
    "q3": 0.6666666666666666,
    "median": 0.5555555555555556,
    "sampleSize": 165,
    "reliable": true,
    "source": "own"
  },
  "金沢": {
    "q1": 0.4444444444444444,
    "q3": 0.7777777777777778,
    "median": 0.5555555555555556,
    "sampleSize": 180,
    "reliable": true,
    "source": "own"
  },
  "福島": {
    "q1": 0.5555555555555556,
    "q3": 0.7777777777777778,
    "median": 0.6666666666666666,
    "sampleSize": 46,
    "reliable": true,
    "source": "jra_dirt_pool",
    "ownSampleSize": 9
  },
  "小倉": {
    "q1": 0.5555555555555556,
    "q3": 0.7777777777777778,
    "median": 0.6666666666666666,
    "sampleSize": 46,
    "reliable": true,
    "source": "jra_dirt_pool",
    "ownSampleSize": 8
  },
  "函館": {
    "q1": 0.5555555555555556,
    "q3": 0.7777777777777778,
    "median": 0.6666666666666666,
    "sampleSize": 46,
    "reliable": true,
    "source": "jra_dirt_pool",
    "ownSampleSize": 29
  },
  "高知": {
    "q1": 0.5555555555555556,
    "q3": 0.7777777777777778,
    "median": 0.5555555555555556,
    "sampleSize": 185,
    "reliable": true,
    "source": "own"
  },
  "佐賀": {
    "q1": 0.5555555555555556,
    "q3": 0.7777777777777778,
    "median": 0.6666666666666666,
    "sampleSize": 203,
    "reliable": true,
    "source": "own"
  },
  "浦和": {
    "q1": 0.5555555555555556,
    "q3": 0.7777777777777778,
    "median": 0.6666666666666666,
    "sampleSize": 114,
    "reliable": true,
    "source": "own"
  },
  "笠松": {
    "q1": 0.5,
    "q3": 0.7777777777777778,
    "median": 0.5555555555555556,
    "sampleSize": 139,
    "reliable": true,
    "source": "own"
  },
  "水沢": {
    "q1": 0.5555555555555556,
    "q3": 0.7777777777777778,
    "median": 0.6666666666666666,
    "sampleSize": 135,
    "reliable": true,
    "source": "own"
  },
  "川崎": {
    "q1": 0.4444444444444444,
    "q3": 0.7777777777777778,
    "median": 0.5555555555555556,
    "sampleSize": 106,
    "reliable": true,
    "source": "own"
  },
  "_nar_pool": {
    "q1": 0.5555555555555556,
    "q3": 0.7777777777777778,
    "median": 0.6666666666666666,
    "sampleSize": 2313,
    "reliable": true,
    "source": "pool"
  },
  "_jra_dirt_pool": {
    "q1": 0.5555555555555556,
    "q3": 0.7777777777777778,
    "median": 0.6666666666666666,
    "sampleSize": 46,
    "reliable": true,
    "source": "pool"
  },
  "_meta": {
    "periodStart": "2026-05-02",
    "periodEnd": "2026-07-02",
    "months": 2,
    "generatedAt": "2026-07-02T11:48:30.653Z"
  }
}