{
  "門別": {
    "q1": 0.6,
    "q3": 1,
    "median": 0.7777777777777778,
    "sampleSize": 247,
    "reliable": true,
    "source": "own"
  },
  "川崎": {
    "q1": 0.6,
    "q3": 1,
    "median": 0.8,
    "sampleSize": 150,
    "reliable": true,
    "source": "own"
  },
  "笠松": {
    "q1": 0.7142857142857143,
    "q3": 1,
    "median": 0.8888888888888888,
    "sampleSize": 163,
    "reliable": true,
    "source": "own"
  },
  "園田": {
    "q1": 0.7708333333333334,
    "q3": 1,
    "median": 0.8888888888888888,
    "sampleSize": 288,
    "reliable": true,
    "source": "own"
  },
  "盛岡": {
    "q1": 0.6,
    "q3": 1,
    "median": 0.788888888888889,
    "sampleSize": 168,
    "reliable": true,
    "source": "own"
  },
  "金沢": {
    "q1": 0.7142857142857143,
    "q3": 1,
    "median": 0.8571428571428571,
    "sampleSize": 179,
    "reliable": true,
    "source": "own"
  },
  "福島": {
    "q1": 0.6666666666666666,
    "q3": 1,
    "median": 0.8571428571428571,
    "sampleSize": 72,
    "reliable": true,
    "source": "jra_dirt_pool",
    "ownSampleSize": 18
  },
  "小倉": {
    "q1": 0.6666666666666666,
    "q3": 1,
    "median": 0.8571428571428571,
    "sampleSize": 72,
    "reliable": true,
    "source": "jra_dirt_pool",
    "ownSampleSize": 15
  },
  "函館": {
    "q1": 0.6904761904761905,
    "q3": 1,
    "median": 0.875,
    "sampleSize": 39,
    "reliable": true,
    "source": "own"
  },
  "高知": {
    "q1": 0.7142857142857143,
    "q3": 1,
    "median": 0.875,
    "sampleSize": 177,
    "reliable": true,
    "source": "own"
  },
  "佐賀": {
    "q1": 0.8142857142857143,
    "q3": 1,
    "median": 1,
    "sampleSize": 182,
    "reliable": true,
    "source": "own"
  },
  "船橋": {
    "q1": 0.42857142857142855,
    "q3": 0.8571428571428571,
    "median": 0.6904761904761905,
    "sampleSize": 102,
    "reliable": true,
    "source": "own"
  },
  "大井": {
    "q1": 0.5714285714285714,
    "q3": 0.875,
    "median": 0.7321428571428572,
    "sampleSize": 170,
    "reliable": true,
    "source": "own"
  },
  "名古屋": {
    "q1": 0.7142857142857143,
    "q3": 1,
    "median": 0.8571428571428571,
    "sampleSize": 207,
    "reliable": true,
    "source": "own"
  },
  "浦和": {
    "q1": 0.8571428571428571,
    "q3": 1,
    "median": 1,
    "sampleSize": 114,
    "reliable": true,
    "source": "own"
  },
  "水沢": {
    "q1": 0.8,
    "q3": 1,
    "median": 0.875,
    "sampleSize": 135,
    "reliable": true,
    "source": "own"
  },
  "_nar_pool": {
    "q1": 0.7142857142857143,
    "q3": 1,
    "median": 0.8571428571428571,
    "sampleSize": 2282,
    "reliable": true,
    "source": "pool"
  },
  "_jra_dirt_pool": {
    "q1": 0.6666666666666666,
    "q3": 1,
    "median": 0.8571428571428571,
    "sampleSize": 72,
    "reliable": true,
    "source": "pool"
  },
  "_meta": {
    "periodStart": "2026-05-10",
    "periodEnd": "2026-07-10",
    "months": 2,
    "generatedAt": "2026-07-09T15:56:58.638Z"
  }
}